2.510851431818535318e+00, 2.076267716940145558e+00, 1.709548648187471098e+00, 1.411411355034081438e+00, 1.163717644358463144e+00, 9.455512647095847267e-01, 7.563195744947236454e-01, 7.842025757956525567e-01, 9.850829737613572279e-01, 1.014059278799752883e+00, 4.013003237141624657e-01, 1.104058649183610741e-01, 7.735179942364720507e-01, 5.865573933018670694e-01, -4.993809961343791959e-01, -1.316262666431482264e+00, -9.356280978863192876e-01, -8.749207229239089889e-01, -1.235122876548693238e+00, -1.435697362683310274e+00, -1.626977951707768710e+00, -1.780509734368147745e+00, -1.793590315690048120e+00, -1.940807775991861828e+00, -1.787307412234958370e+00, -1.867668676926671267e+00, -1.366977781824294524e+00, 6.666359846832565772e-01, 1.217181082287466021e+00, 1.225840500913665254e+00, 8.442767305562234315e-01, -1.080435837406141797e+00, -1.130659815088436160e+00, -2.997661304893208811e-01, 1.603657203926680541e-01, 4.027793245183593496e-01, 5.118025413700332260e-01, 5.510297326053921196e-01, 5.104227710309419130e-01, 4.945159207093543507e-01, 4.323624716768854626e-01, 4.107440539576277527e-01, 3.065541492315257410e-01, 2.140707635310612755e-01, 1.052206963867758083e-01, 4.399009863160229655e-02, 1.601159623759556005e-01, 4.978950084438355517e-01, 7.905018011351815366e-01, 1.159944090234982461e+00, 1.578095068123745337e+00, 2.031748332880785934e+00
1.972370923543179888e+00, 1.873229149841254104e+00, 1.655413334550872362e+00, 1.364016058969585332e+00, 1.082755111132836845e+00, 8.461070601408942071e-01, 6.753291756193358086e-01, 7.214680783857450042e-01, 9.214591425085265630e-01, 8.688015415071601577e-01, -1.179871688154107146e-01, -7.344091136241930329e-01, 8.340960982685037273e-01, 1.165048979222146341e+00, 7.865277513266830667e-01, 6.068169667820014768e-01, 7.649072043171750712e-01, 2.131469006954590240e-01, -7.702581897139595402e-01, -1.106292157672129406e+00, -1.401869578164318897e+00, -1.661419482608849529e+00, -1.772268481331330303e+00, -2.097281496186231831e+00, -2.181869081097135510e+00, -2.178633989994251063e+00, -9.033229317066523434e-01, 9.105841127885262454e-01, 1.101848017195755647e+00, 8.870821889800198923e-01, 6.215301060795630494e-01, -1.207504199559559011e+00, -1.219968402044879774e+00, -4.459999081151462264e-01, 2.824997521919563395e-02, 2.707268495417276544e-01, 3.526726651034820526e-01, 3.394628263902026988e-01, 2.605810711296445703e-01, 2.306616819994516399e-01, 1.882691897026660677e-01, 1.261906617560958066e-01, 9.953927093189762765e-02, -1.634926108569836889e-02, -5.205930313971466467e-02, -1.316820300293872203e-01, 1.191564526163482393e-02, 3.133211550788223554e-01, 6.581765009495538221e-01, 1.019547324045365411e+00, 1.404574036676113247e+00, 1.870903313762656728e+00
2.218194244573345131e+00, 1.880321948010001742e+00, 1.585583764719399769e+00, 1.259770765513204882e+00, 9.803573763083042181e-01, 7.438501967011321714e-01, 5.438265193507815232e-01, 5.961954928485954097e-01, 8.338251692412311789e-01, 9.188255320959910488e-01, 6.481095879367790857e-01, 5.200766730979661245e-01, 5.327529576520915189e-01, 9.030604174534065942e-01, 1.166009056736433624e+00, 1.125095864799455558e+00, 1.062615812195770060e+00, 9.109061682389235637e-01, 7.855022845061726544e-01, 6.418001032393297889e-01, 3.874460896361932583e-01, 1.595599339979294692e-02, -4.446229965919712979e-01, -9.697963276418052336e-01, -1.433300652154398502e+00, -1.609303834507608721e+00, -6.804308589145832142e-01, 7.672971935779306918e-01, 7.231118609779233486e-01, 4.399699216897251519e-02, 7.728864728664731898e-02, -1.358114203002567910e+00, -1.050899446702096673e+00, -2.818588591815203714e-01, 1.473665125567587553e-01, 3.544020620007457545e-01, 4.433084021739609470e-01, 4.143496848136516419e-01, 2.648900916314106402e-01, 2.394788628939845399e-01, 2.602170601738384992e-01, 2.344786768259901621e-01, 2.125134325972920790e-01, 9.942269820074288444e-02, 2.874915906585679207e-02, -7.794082691337830826e-02, 1.283949504405702997e-02, 2.877524500980343514e-01, 6.541749462158675810e-01, 1.018033478110979662e+00, 1.406619760776268713e+00, 1.856597127407621617e+00
2.187686074492582122e+00, 1.816700294786911973e+00, 1.472416077459199668e+00, 1.151070184096641302e+00, 8.566031296486149582e-01, 6.204589603234079709e-01, 4.376653704815584023e-01, 4.966065483318866658e-01, 7.154399899034710186e-01, 8.568605100126046592e-01, 7.516967948545856260e-01, 1.390966252944540738e-01, -6.884623537619943834e-01, -1.061032328265922642e+00, -5.002022649974908752e-01, 3.759930070980705974e-01, 8.493010982234142636e-01, 9.613663607432111347e-01, 9.925107215717023923e-01, 1.083134282655350278e+00, 1.044469128601397845e+00, 9.080663856184779670e-01, 7.758200278970661667e-01, 6.469639345945326081e-01, 4.558561263843308176e-01, 2.566379410250291815e-01, 3.472222791941207420e-01, 7.617538415868204682e-01, 7.593246596973571849e-01, 1.946682254158398351e-01, 4.482882747994011013e-02, -1.120781480865661983e+00, -9.756145138774520165e-01, -2.680646198525897805e-01, 1.333556298553214559e-01, 3.524530388481819099e-01, 4.283902427555540959e-01, 4.136726400499207146e-01, 3.005470173779857812e-01, 2.543282943289679188e-01, 2.532682448069962233e-01, 1.753699118618787522e-01, 1.844801597552889749e-01, 1.371426848711395641e-01, 7.274564641803163423e-02, -5.525604360955576472e-02, 4.142900540918308117e-02, 2.983731355936539709e-01, 6.255200731764920530e-01, 9.988089040711505273e-01, 1.380167340649609997e+00, 1.823685966505740330e+00
2.106183791120870286e+00, 1.726007945138638755e+00, 1.351745014193571626e+00, 1.017621759653687175e+00, 7.239112155073075261e-01, 4.873395406415766407e-01, 2.987224940986020760e-01, 3.773819642581769385e-01, 5.671113483451416526e-01, 6.854259447703473507e-01, 5.863659841647735904e-01, 1.765542188369612353e-01, -2.820293851145096523e-02, 1.574346383864692611e-01, 1.392591507792832473e-01, 5.352630889877142417e-01, 3.667542416310354825e-01, -4.522304141003943290e-01, -7.559842724832431526e-02, 7.708590983578629263e-01, 9.567840868388503006e-01, 7.477454969111866356e-01, 7.874254932808454344e-01, 8.493501258720540514e-01, 7.972820071718618173e-01, 7.819487178366171243e-01, 7.885845470815795455e-01, 8.264018641052631731e-01, 8.925952110763768488e-01, 8.459177466766998332e-01, 8.048189803017872235e-01, 5.863164441535562155e-01, 4.297598981363874859e-01, 4.411492969776918960e-01, 4.891396242441829467e-01, 5.241936301449006130e-01, 5.677244574412199096e-01, 5.001353955582674704e-01, 3.822386417703625416e-01, 3.580480166990094859e-01, 2.686063326376094684e-01, 2.100210232667510390e-01, 2.042928366520425087e-01, 1.966719205138514615e-01, 1.432191092816251232e-01, 2.470199637190133996e-02, 1.033609458712239221e-01, 3.896890352030640825e-01, 6.783278472797935610e-01, 9.966044420889700328e-01, 1.368753035269057783e+00, 1.807911482830559802e+00
2.053881620157811838e+00, 1.627467922717223736e+00, 1.261163863908575822e+00, 9.133574931345065373e-01, 6.206275215736165585e-01, 3.802188176774674022e-01, 1.856283226093047578e-01, 2.526919844317410679e-01, 3.985759605616748802e-01, 5.389657892983892307e-01, 6.485342081254461544e-01, 5.731239757506478849e-01, 4.082203844313185281e-01, 1.455218666768353653e-01, -2.931223716677977195e-02, 1.104518167729610229e-01, -2.172492507276552187e-01, -4.966969923423748545e-01, -7.560492227560236533e-02, 2.472185069730636897e-01, 3.543703518491811422e-01, 3.545487281166360694e-01, 4.937421969165385338e-01, 5.593590948121095474e-01, 6.410092897337487106e-01, 7.421697385704327798e-01, 8.205914498579421901e-01, 9.860447515953837394e-01, 8.382727030099000887e-01, 8.062986462011350053e-01, 1.049214792566480758e+00, 1.059990589946384398e+00, 1.201092067296892552e+00, 1.235520185346694610e+00, 1.192733529759290256e+00, 1.104165941049590760e+00, 1.086068611158546027e+00, 9.871661484704863376e-01, 8.703046229006540235e-01, 7.352983814047117095e-01, 5.830906263962822855e-01, 4.608446845096654809e-01, 4.427983054240104410e-01, 3.648802019834766486e-01, 2.934416349331058771e-01, 1.771941645023235035e-01, 3.033055621815258784e-01, 5.966864950331164374e-01, 8.747826383464880617e-01, 1.142809314869129400e+00, 1.492143084107653506e+00, 1.933358680704934995e+00
1.983031240051203348e+00, 1.581855873548990488e+00, 1.186487892574139558e+00, 8.434026920540533823e-01, 5.502331873125227979e-01, 3.056750238015411014e-01, 1.023736617601866128e-01, 1.538876058915635558e-01, 2.825369114102108115e-01, 4.024565714883193146e-01, 4.543530972030067061e-01, 2.894174628583524589e-01, -2.515896635686493349e-04, 2.955831877819320441e-01, 2.239421785698526846e-01, -6.056771007305055132e-01, -7.985646119850677849e-01, -3.249582824204813036e-01, 3.093143218980533293e-02, -3.049930684562336958e-01, 7.701779856689258685e-02, 9.017684054377254066e-01, 9.980853817846022658e-01, 7.129988395655423306e-01, 9.185109494962584442e-01, 8.153326424710309883e-01, 6.694756916336745967e-01, 9.816977501925936433e-01, 1.132462563674771910e-01, -4.282359293880417805e-01, 2.015167569730467179e-01, -7.098775772378599358e-01, 1.512743261890066304e-02, 9.163771551695633066e-01, 1.321565858628861889e+00, 1.510131839715801672e+00, 1.684562961965814010e+00, 1.712693009426359492e+00, 1.605995628481438953e+00, 1.480110162949817454e+00, 1.322781747246934980e+00, 1.137552846567960740e+00, 9.797184249263127809e-01, 8.191104370092687770e-01, 6.904864273317320444e-01, 5.576181398698574210e-01, 6.610026171929654915e-01, 8.777033074594773332e-01, 1.083797644007123528e+00, 1.306029016090513695e+00, 1.677497596678146019e+00, 2.127393980859487499e+00
1.968780529462546447e+00, 1.541825601289691594e+00, 1.156153165128160021e+00, 8.217563008199278984e-01, 5.346384799016895562e-01, 2.911549504118335352e-01, 8.727177347308209820e-02, 1.394982350877676802e-01, 2.415663343848375166e-01, 3.437482581068492804e-01, 4.041745030920136372e-01, 4.084352896259206833e-01, 4.461630227968951257e-01, 5.475812651177410784e-01, -4.653163020672977379e-01, -1.068126101107880865e+00, -3.189313096644577072e-01, 4.812780316441983008e-01, 3.568042173229135638e-01, -6.629929232479984946e-02, 7.645847223607179499e-01, 1.020075221705667445e+00, 9.306552724664485243e-01, 8.917310380468247422e-01, 1.076985012334633174e+00, 1.007037630948458329e+00, 9.506711894294784804e-01, 1.036632304701923690e+00, -2.499758692527353707e-02, -7.527846515098075564e-01, -2.050031292664956928e-01, -2.134827061235249790e+00, -1.608673215129897249e+00, -3.045820078367603156e-01, 3.827754028594062552e-01, 5.172275835433421953e-01, 6.411295200133759753e-01, 9.739995270288568374e-01, 1.011527814441522510e+00, 1.413198422200948823e+00, 1.578550006329433097e+00, 1.641162190644774199e+00, 1.610551050158849806e+00, 1.489030719882935117e+00, 1.366592556532185920e+00, 1.179563863041396043e+00, 1.227448279813958321e+00, 1.326870462497969916e+00, 1.461108817414340511e+00, 1.699703533326928584e+00, 1.982512866807149221e+00, 2.412648911687394371e+00
2.031107438998979386e+00, 1.588993885840969567e+00, 1.204802923499775025e+00, 8.717044546176575537e-01, 5.852967708056747709e-01, 3.402352041266939464e-01, 1.335347718789730298e-01, 1.848398376636559981e-01, 2.709268472680370077e-01, 3.588232359536780991e-01, 3.995645848766965491e-01, 4.192583118337619985e-01, 5.308740501562539960e-01, 1.223299601809916121e-01, -1.173062996313070983e+00, -1.419379875146987158e-01, 5.175616523759875021e-01, 5.767709021989927409e-01, 4.592884188649870025e-01, 5.949123957112085748e-01, 8.789004722675806125e-01, 8.521673105898928124e-01, 8.392143337655965096e-01, 9.361983827832934812e-01, 9.824328942685581767e-01, 1.043268757926880674e+00, 1.147594159538164238e+00, 1.011265565670355970e+00, -8.369202348622521714e-02, -9.209337328975425452e-01, -1.813306559125802409e-01, -1.005502815161386954e+00, -1.577093797655743979e+00, -3.520020007044356025e-01, 4.267457469273012172e-01, 1.416499514405681059e-01, -1.748138596857235605e+00, -1.692460750327572372e+00, -1.516047635167731000e+00, -1.052249193784862591e+00, -3.211289672404363249e-01, 4.960093787188951664e-01, 1.044972278583377046e+00, 1.290681929483135981e+00, 1.510587106207453845e+00, 1.653072356087502914e+00, 1.653451215325932644e+00, 1.852801567187293497e+00, 2.047411754454166566e+00, 2.180697593301957671e+00, 2.379988575166621878e+00, 2.892219633264281775e+00
2.123118745680393271e+00, 1.683562367156543615e+00, 1.301227890801951226e+00, 9.691506758513304121e-01, 6.870892121915538331e-01, 4.449035566912870054e-01, 2.395929927405177351e-01, 3.002533822036474453e-01, 3.808717792632459465e-01, 4.656974614438639803e-01, 5.175891261233007690e-01, 5.198763861770823169e-01, 5.813847030101890745e-01, -6.443929146457333390e-02, -7.509503074992286420e-01, 6.300507385288699469e-01, 7.620878360418251729e-01, 6.445530541267296964e-01, 7.079679201218380680e-01, 7.624217242152449003e-01, 8.387608761280912484e-01, 8.027242218205329349e-01, 8.103400458692503472e-01, 8.627335192922290785e-01, 8.978118568386688203e-01, 1.017959179524411839e+00, 1.119360983535969023e+00, 9.474137337266383962e-01, -1.222730586355365717e-01, -1.012468310789227166e+00, 9.078616188607667725e-01, 4.844993921138933402e-02, -1.449834435203761096e+00, -4.006808845859723411e-01, 3.363151576825481048e-01, 7.354322275600242431e-01, -8.514919802018057204e-01, -1.395290048552332074e+00, -1.537031891650600501e+00, -1.751871015857395575e+00, -1.691944069364008651e+00, -1.412863958203111059e+00, -8.507016672665203005e-01, -5.472212336589692139e-02, 1.042602547817405023e+00, 1.511867464686484919e+00, 1.278233578301278595e+00, 1.603788264894792759e+00, 1.834427523869203158e+00, 1.040878785895807290e+00, 1.871258373101446493e-01, 1.329894103857580001e+00
2.258083706961196313e+00, 1.821229117596397717e+00, 1.440897800210771074e+00, 1.111989103826479974e+00, 8.376619620154213131e-01, 6.015199658228207458e-01, 3.999627540803465386e-01, 4.771742725376446614e-01, 5.595353404781577833e-01, 6.377276728809559980e-01, 6.833927420810744779e-01, 7.028283782237394473e-01, 7.538110049473165653e-01, 3.915200457707993520e-01, -3.676688257089195666e-01, 7.868299432958609785e-01, 9.840016442838618316e-01, 9.918067558025542851e-01, 9.897012686049608821e-01, 9.820128058567086926e-01, 9.655737178607194382e-01, 9.000259994516518480e-01, 7.719949044374123659e-01, 9.367348027022196488e-01, 9.458035488681111325e-01, 1.049815566349601603e+00, 1.162270883276418587e+00, 9.691558910381214975e-01, -7.125105328541304905e-02, -1.010887829383880998e+00, 1.066839362891617071e+00, -1.004860300808767121e-01, -1.310687065064669365e+00, -5.156057587482805182e-01, 3.438661476470626366e-01, 1.110811981132753035e+00, -2.562663506926722290e-01, -8.573422675606499066e-01, -9.488821708136785382e-01, -1.247911735028704117e+00, -1.205780408053557462e+00, -1.299965117194260111e+00, -1.501946341573276333e+00, -1.417655977571901094e+00, -9.607657821138657628e-01, -4.513098863329944449e-02, 4.341347105243922311e-01, 1.329731977548143096e+00, 1.665924636738264963e+00, 3.587804929876531879e-01, -5.149456484865287953e-01, -3.149169717199900020e-01
2.442246518176498959e+00, 2.006561199845016574e+00, 1.631165044113346063e+00, 1.309121964371108948e+00, 1.047307221256074339e+00, 8.237063621767780619e-01, 6.337891756637539231e-01, 7.382936747687628420e-01, 8.262558560266455299e-01, 8.957967366360716222e-01, 9.572435036850407419e-01, 1.025525794289632309e+00, 1.058327558603377128e+00, 1.034352145798554723e+00, 3.593442992768777766e-01, 4.985146981872982663e-01, 1.079782027542956824e+00, 1.179001812272481020e+00, 1.213443479492729127e+00, 1.211583450073849599e+00, 1.206179282742013692e+00, 7.581215568479512390e-01, 8.242813556503552075e-01, 9.796866022227587179e-01, 6.671906311775871457e-01, 8.181777384853565760e-01, 1.302004173604374371e+00, 1.121851929689299254e+00, 1.548673352668335779e-01, -5.947075128866439186e-01, 1.177833530383526339e+00, -2.181851336926531049e-01, -1.251364130250447460e+00, -7.223476770892411913e-01, 3.363677727828858766e-01, 1.350300712220621868e+00, 1.239668242628663535e-02, -7.634779242082684325e-01, -7.214730623727343417e-01, -1.110858218548365972e+00, -1.022513250018180164e+00, -8.721940977182931487e-01, -1.121403698295356355e+00, -1.322791943278469606e+00, -1.086475918389709250e+00, -3.821886309972300499e-01, -9.804569326375028870e-01, -6.482766569568776394e-01, -2.267818721460471490e-02, -2.846796841172308246e-01, -5.024618098910563768e-01, 2.235673249586414002e-01
2.661033344167829995e+00, 2.137202484388789792e+00, 1.732429876365577659e+00, 1.527629601403027726e+00, 1.280295873375510318e+00, 9.012726541166788952e-01, 8.402209994683638161e-01, 1.057181455261096303e+00, 1.120978879432646291e+00, 9.597889421464887993e-01, 1.051119558003065668e+00, 1.300174794604672668e+00, 1.331501822377723299e+00, 1.363125498501692290e+00, 1.322510586465444948e+00, 7.348941340560727342e-01, 6.769619273193665521e-01, 8.957953795033625211e-01, 1.114680084803807203e+00, 1.340420710379623070e+00, 1.449124644940310569e+00, 1.348445828847536498e+00, 1.231851351730269162e+00, 1.282329491019247980e+00, 1.109773298662032781e+00, 8.065479261441949044e-01, 1.385692165873504633e+00, 1.196824771061413717e+00, 4.478356208261641269e-01, 2.060941250459635832e-01, 1.244228522085565336e+00, -2.567304832337086729e-01, -1.282843456724081399e+00, -8.427409967231935806e-01, 3.866965505020869553e-01, 1.397946836432751194e+00, 1.078330741006718746e-02, -7.284151284962867567e-01, -6.075618108501639192e-01, -1.042906734656794621e+00, -9.872099717548245001e-01, -7.862964396795342203e-01, -9.499540526174827804e-01, -1.074424289597626592e+00, -1.121145893173693509e+00, 3.635806452354711782e-02, -8.542826952541112684e-01, -1.194426225057367175e+00, -9.143277688390654134e-01, -5.564135334545424749e-01, -3.972742650596943759e-01, 1.240467810031979090e-01
2.830183863721526638e+00, 1.702556032994375412e+00, 1.070284471036604845e+00, 1.232480823176139495e+00, 1.350000118549242734e+00, 6.689644744379416030e-01, 4.875685998717501635e-01, 1.257868417768406966e+00, 1.210359543817672634e+00, 6.473884486863497045e-01, 8.106166829868352020e-01, 1.377172769389739093e+00, 1.588358496173191803e+00, 1.664631940699237145e+00, 1.622636864550515590e+00, 8.822518323551088448e-01, 8.324214316873210784e-01, 7.156238440614404173e-01, 6.603759367706585337e-01, 7.528420348576890797e-01, 9.209073745356385343e-01, 9.791185707941627570e-01, 8.727369852860911159e-01, 9.570221502833230476e-01, 9.637319883751243044e-01, 8.160719603516524145e-01, 1.113586987553772278e+00, 8.555057727794416200e-01, 6.705975054627076881e-01, 9.302289534245106184e-01, 9.657588520240568686e-01, -3.126159764938726826e-01, -1.238694454941190459e+00, -6.694499752068905352e-01, 6.263009040542023564e-01, 1.488830025886873187e+00, 8.640219805707506640e-02, -6.817751585494399302e-01, -4.500425129173012406e-01, -8.322522921232408111e-01, -7.322076297139807899e-01, -6.464383560473425661e-01, -7.807980953062436669e-01, -9.065292383143283006e-01, -9.290634782341502529e-01, 4.353682750915316424e-01, -4.946671793281600671e-01, -9.806237253499731077e-01, -1.038621794789026387e+00, -1.020473369339157887e+00, -6.830657179297184856e-01, -4.388981538666111848e-01
2.009097969768863123e+00, 9.445194080456753571e-01, 1.723775062994184204e-01, 1.037227027515550820e-01, 8.171306128807306335e-01, -7.575897028956542212e-02, 1.390650763389908451e-01, 1.017800430516517807e+00, 1.127733350465762951e+00, 1.309266977671778909e+00, 4.671929089810133440e-01, 3.698171982348267273e-01, 9.231451185807587612e-01, 1.856048031558358291e+00, 1.972496041029164981e+00, 6.231437285858855146e-01, -2.495013020502310497e-01, -1.369117114214685182e-01, 3.653668940942521592e-01, 4.560423186979921106e-01, 8.589986198930885664e-01, 8.627723883940594529e-01, 8.861517556557693132e-01, 9.088886880085724762e-01, 8.655281721650549542e-01, 8.450956304783262540e-01, 8.483732877134010364e-01, 8.110488869195823236e-01, 9.080683838115504170e-01, 1.256849332627403504e+00, 9.208550019969227174e-01, -3.087742846932099439e-01, -6.442911413396730236e-01, -8.360800152449353317e-02, 9.573709837896797747e-01, 1.454227188933711723e+00, 7.064953525317739513e-02, -5.861129027953531079e-01, -3.946177996865798399e-01, -6.087212284222975889e-01, -5.550989536395212198e-01, -5.997193801229468990e-01, -7.656464266303342203e-01, -8.670998078181877400e-01, -8.366124961542684701e-01, 7.614780660374673715e-01, -2.956799016521412526e-01, -7.148366180694691874e-01, -6.408751826136314111e-01, -9.349405068740880287e-01, -8.589556374319692322e-01, -6.805808723114328274e-01
1.722853083422122955e+00, 9.540934822736846233e-01, -5.041399630853972413e-02, -3.059024014680621351e-01, -4.206697642262138270e-01, -9.326113531593509531e-01, -3.753345308099908517e-01, 3.360046107751774036e-01, 1.079307947987272476e+00, 1.583880813093457185e+00, 1.769475445378393408e-01, 4.264995358409533477e-01, 3.973814842881883136e-01, 1.422012617281852576e+00, 1.473299571249623741e+00, 5.283315054050927717e-01, -9.780013348010138663e-02, -7.171735482561116815e-01, -4.525759929259658421e-01, -1.340373978538873967e+00, 2.255593727405047488e-01, 4.163768884709816986e-01, 5.848617808147016373e-01, 6.121028862356664435e-01, 6.835150023916644058e-01, 7.022930307000210259e-01, 7.395793034006897804e-01, 8.221040556958603140e-01, 1.047428685986166119e+00, 1.405092284595965024e+00, 8.061032406819861329e-01, -2.484253306179943777e-01, 6.146246533826426051e-01, 1.316461983725850882e+00, 1.743795323692404198e+00, 1.403410897354905984e+00, 2.009045435246909275e-02, -5.634363156441569709e-01, -4.594747279237136883e-01, -5.599897794943287099e-01, -5.561662111089510363e-01, -6.543060694602148564e-01, -8.550194376195346946e-01, -9.164018443487228494e-01, -8.087238279219808312e-01, 9.415916870807278238e-01, -2.506432724083957897e-01, -6.260954226827247782e-01, -4.205206672480089614e-01, -7.123316833746394794e-01, -6.490291477303967715e-01, -5.044300695681078750e-01
1.319445486423805214e+00, 4.560889547359964769e-01, -3.704811749845265956e-01, -5.109856379127092341e-01, -1.291786400187897588e-01, 8.202099795295393347e-01, -8.185726483079218685e-01, -1.027006263352602922e+00, 5.591647150224681173e-01, 7.255081043610623892e-01, -9.308493596190553498e-01, 2.022188407388871567e-01, 5.443896868935249600e-01, 7.196171076006996348e-01, -7.734115110712022068e-01, -9.668005288546140108e-02, 5.534993679805115807e-01, -8.113746190896730104e-01, -1.097240060926812033e+00, -1.232056032528679790e+00, -2.718996350348192315e-01, -2.973777201561042527e-01, 2.302443103297377169e-01, 4.779465210065949043e-01, 4.449109438452241161e-01, 1.484978849586311433e-01, -7.725302628274848260e-01, -1.208089335173023526e+00, 1.041604979357771549e-01, 1.286221004984552163e+00, 7.016509327684491426e-01, -2.108282631357120962e-01, 7.522153710094359180e-01, 1.567848192224543746e+00, 2.054639103492532204e+00, 1.269262854182526157e+00, -5.955078828132935598e-02, -6.233251632354221972e-01, -5.964596675819102689e-01, -6.468558108625052094e-01, -7.359996749891185575e-01, -7.886693957487310724e-01, -9.585071042320632007e-01, -1.044041997274723466e+00, -8.855927522950680642e-01, 9.368829632491953996e-01, -2.960107205324028490e-01, -6.387150993627225271e-01, -4.489048536546361712e-01, -6.331625226462597178e-01, -6.013844829504099154e-01, -4.591983143358907005e-01
1.133618200565911449e+00, 5.572793560356973375e-01, -2.830947782722559869e-01, -3.497609177693536409e-01, -5.612699003420328348e-01, -3.621210405472393701e-01, -1.343992949199618536e+00, -1.675137254000412579e+00, -1.434016081968606970e+00, -1.728479543735086166e+00, -1.856211110482668847e+00, -1.582086552186344752e-01, 3.996126298606789695e-01, 1.436075203211698015e-01, -1.458796635366527594e+00, -8.556846968636807604e-01, 2.362674635197445361e-01, -2.383664416269871411e-01, 2.068408121575460168e-02, 8.132755903065846254e-03, -7.437335975263696941e-01, -9.274002481492416017e-01, -5.139535811896734918e-01, -6.698426275916147254e-01, -7.432573769356523030e-01, -5.888278415452570247e-01, -1.703164504211804209e+00, -1.801942245784614371e+00, -1.174010906406177224e+00, 1.225485877816432367e+00, 7.081816499749120641e-01, -2.187099980870201021e-01, -9.669209316100157992e-02, 7.291903029341337827e-01, 1.658645664919038865e+00, 1.009467175004423289e+00, -2.915392805916819374e-01, -7.690018608819714219e-01, -7.726930312974261694e-01, -7.727986681187924978e-01, -8.773139498707553940e-01, -1.003673611672636579e+00, -1.147380177649075739e+00, -1.200669251694309825e+00, -1.056438262972963615e+00, 8.219639775515308333e-01, -4.887668459378368691e-01, -8.110164674701048071e-01, -5.454384574212820525e-01, -7.459027165352974942e-01, -6.785502628381270274e-01, -5.204869179949821456e-01
2.349271250717547055e+00, 9.764896056215476294e-01, 1.919354762604132125e-01, -3.823693847834919862e-02, -6.569226921828026367e-01, -1.039708475083485961e+00, -1.375409824221212718e+00, -1.531336325793055009e+00, -1.656965085217552591e+00, -1.633091965990027816e+00, -1.397964762198574240e+00, -1.323832562719608363e+00, -1.386995901236376838e+00, -1.470339854965932558e+00, -1.959601376580626830e+00, -1.713745202492398700e+00, -9.721708775989688078e-01, -1.263270143786077160e+00, -1.040939028412524836e+00, -1.015743895761366034e+00, -1.542611597249681443e+00, -8.809594214970751791e-01, -4.822320962471245975e-01, -9.655420758085493382e-01, -1.006694089986936769e+00, -1.028904017524110204e+00, -1.628883329089841236e+00, -1.549819051596572850e+00, -1.418534551612802730e+00, 1.385252063648773957e+00, 7.042151485063365968e-01, -2.399933252974097986e-01, -9.714588388591928192e-01, 3.330368657483184086e-02, 1.360518211832311586e+00, 8.205748872548331851e-01, -3.756896680809263533e-01, -9.184836485701433073e-01, -9.880741135979196343e-01, -9.940272062814736742e-01, -9.596157032460753689e-01, -1.173105137756539351e+00, -1.399769130378555548e+00, -1.428305477773662790e+00, -1.245791388265607536e+00, 5.650643357122472343e-01, -7.393223350164298546e-01, -1.005394391664320208e+00, -7.276147014335045959e-01, -8.073556645748641847e-01, -3.195465704376701521e-01, 2.768924127873493846e-01
2.672918922898657179e+00, 1.418563635336774098e+00, 5.345483705872048352e-01, -4.568149570849244084e-02, -3.688559766703732312e-01, -8.085317548177665126e-01, -1.322040904968157626e+00, -1.420206933569782892e+00, -1.601147892973398212e+00, -1.449221910218575271e+00, -6.003380709820856920e-01, -1.232320229480025897e-01, -6.355282931971472093e-01, -4.959645538823573285e-01, -7.274057618122448110e-01, -1.553814412705810000e+00, -1.523241608783472145e+00, -1.326428302325819875e+00, -1.140870863804754665e+00, -1.430415908410616055e+00, -1.502297817660602774e+00, -1.345363608699011726e+00, -1.213743917662881699e+00, -1.217440992969345270e+00, -1.419790458077053508e+00, -1.240118596068873869e+00, -1.264682014908058871e+00, -1.634380957437114645e+00, -1.502868178171724578e+00, 1.614518030087709111e+00, 6.934484019156348378e-01, -2.940113101460225531e-01, -1.510795498702880657e+00, -3.169756486411848262e-01, 1.329065089387911680e+00, 6.484838451415182448e-01, -4.245675103612155388e-01, -9.702843073321781864e-01, -1.170234412504697508e+00, -1.251627070606947445e+00, -1.080703435291066716e+00, -1.255838538051122999e+00, -1.541653043748093310e+00, -1.615971848410729272e+00, -1.305878781033073199e+00, 3.573362441126982092e-01, -4.517567775822317611e-01, -3.143345385145551174e-01, 8.113245561769319991e-01, 2.526399268640338036e+00, 3.337120998253451987e+00, 3.219632869703589417e+00
2.123493428835148134e+00, 1.604296722820953036e+00, 6.856472449364904298e-01, 1.130781132386731586e-01, -3.700353601767503720e-01, -8.718558138615194464e-01, -1.138187173908198346e+00, -1.287089657312729507e+00, -1.326100207154089272e+00, -1.124576358093610562e+00, -5.568175485150949067e-01, 5.226957398397393678e-02, -1.106029321214845873e-01, 2.839661274691068216e-01, -2.387232203008006204e-01, -9.895273180853192407e-01, -1.013543340890000088e+00, -1.121194442312097195e+00, -1.038993494225239234e+00, -1.285191416064170422e+00, -1.409545093186088893e+00, -1.446738258751950390e+00, -1.462166585456936785e+00, -1.189623021090329136e+00, -1.358107470151454388e+00, -1.594075623922099005e+00, -1.629454312640126190e+00, -1.879134751344319954e+00, -1.560110371965518272e+00, 1.679201906880702255e+00, 7.013030536553284122e-01, -4.409017433086619420e-01, -1.593612570203267076e+00, -3.575235750639979559e-01, 1.379508127963587683e+00, 5.073709782346009778e-01, -5.132763609445806230e-01, -9.992310940452835410e-01, -1.076457241424266353e+00, -6.587820322827840913e-01, -1.598214455870394513e-01, 9.298311559901760448e-02, 3.676484220072638309e-01, 6.356818772453007860e-01, 8.472312842735856275e-01, 9.886797019531190500e-01, 1.045304455383671449e+00, 1.187014105591338575e+00, 1.442276618807728283e+00, 1.795852617982042876e+00, 2.075782751758358913e+00, 2.087903551215378961e+00
1.648034537209601469e+00, 1.507967185381517083e+00, 8.983855007996731645e-01, 7.663101508022204245e-01, 1.754338305065823445e-01, -4.644872697853075216e-01, -8.201434150793169842e-01, -1.211772688175053236e+00, -1.280965108252912987e+00, -1.181056200780077337e+00, -9.298800274261614929e-01, -2.351112294842772621e-01, -6.565163274730498322e-02, -3.245254271047171186e-03, -1.864128699821861745e-01, 5.688639286492682690e-01, -5.692315154016635015e-01, -1.063933493948877596e+00, -1.163280702332715855e+00, -1.219050930124728538e+00, -1.371916024322694216e+00, -1.458678876572743421e+00, -1.112683327813249079e+00, -6.187777019464641981e-01, -1.067316854162880579e+00, -1.625117343379307355e+00, -1.785025475297773445e+00, -1.905012536148313451e+00, -1.217981453434092032e+00, 1.666456208151000595e+00, 7.096077945959858857e-01, -4.807802470873405176e-01, -1.610118771717707231e+00, -3.575446999064633147e-01, 1.379442711768660956e+00, 4.582085078595496408e-01, 5.635719869347759897e-02, 2.495409783196028131e-01, 6.554962455572825863e-01, 6.935932398073771932e-01, 7.547834042211652994e-01, 5.846688528269312624e-01, 6.042706997071607411e-01, 3.676729561208153529e-01, 3.245183683872998048e-01, 2.621523326528619191e-01, 9.947002555225839537e-02, 3.515279879618732339e-01, 4.468793947991732129e-01, 7.783067348789493023e-01, 1.655524163070190014e+00, 2.419967122387570946e+00
9.681457058427090923e-01, 5.353392335567915827e-01, 5.783690072645355507e-01, 1.010167915363014535e+00, 7.488123069902962170e-01, 1.357473246700555691e-01, -2.677348372052100745e-01, -8.783276738584135934e-01, -1.010491299558819112e+00, -1.202449115727952211e+00, -1.017408374030210227e+00, -4.381174417109978125e-01, -3.579113597149102266e-01, -2.681347234549115166e-01, -4.235552878961535428e-01, 4.200955037976887296e-01, -4.314984780337851600e-01, -9.099520948474750792e-01, -1.067661675783943442e+00, -1.156219681059314164e+00, -1.044980421785901559e+00, 5.156095670357498939e-01, 1.557875919954816002e+00, 7.771073163047648169e-01, 2.974277814677547815e-01, -2.473727329142437481e-01, -1.233993546280735210e+00, -1.899043520032492216e+00, -7.685543188906569512e-01, 1.658191678022462812e+00, 7.236339741036774686e-01, -2.368667589706647814e-01, -8.540468194984679462e-01, 1.002253595926861640e-01, 8.350544211779441506e-01, 4.343282315836488050e-01, 3.968612917588884570e-01, 3.940196545023965657e-01, 4.524971403626618094e-01, 6.711957053542476626e-01, 8.869481116633173290e-01, 7.511551631156491160e-01, 7.700939423729866729e-01, 3.836246733565435441e-01, 6.947029173508505462e-01, 3.341841964777921281e-01, 2.411943309094064791e-01, 7.154946141353786260e-01, 1.002807527644172580e+00, 1.177237783859871323e+00, 1.898673519941834531e+00, 2.713689569106160882e+00
6.440493726575758915e-01, 4.921332699038281633e-01, 4.301021187252372369e-01, 4.646453693308023047e-01, 4.374562105910283494e-01, 9.645131675969509377e-02, -3.374443662959319967e-01, -7.239053087913045470e-01, -7.885383082803580912e-01, -9.627806962274003677e-01, -1.027362831287142342e+00, -7.845642255001112897e-01, -7.636029136741244727e-01, -5.638860004993289099e-01, -6.760547273732095963e-01, -8.568825551403153051e-01, -9.466143326527249879e-01, -9.686127921731473300e-01, 2.382629479930190378e-02, 1.308033272116688073e+00, 1.291808590356374742e+00, 1.079567767328897254e+00, 3.554848106536052654e-01, -1.886553473522303015e-01, -4.139966906989005491e-01, -3.374591013409948548e-02, 3.622512240274268769e-01, -1.485226666169885690e-01, 4.248699015746978946e-01, 1.634696387581728416e+00, 6.929276512930105936e-01, 2.122002485873414335e-01, 4.110478231579532404e-01, -3.579563847113663433e-02, -7.839658637259594443e-02, 1.242276923811378581e-01, 9.039450413169239917e-01, 1.330455810361838687e+00, 1.266384588664055455e+00, 1.325387163960643155e+00, 1.544370414541033520e+00, 1.449199317497876116e+00, 1.462980581527497881e+00, 1.280992839114996951e+00, 8.001675047832792487e-01, 5.614156245331378692e-01, 6.880346499571518004e-01, 8.748344806539809504e-01, 1.057923784809109424e+00, 1.339936117445050368e+00, 1.810725719857417815e+00, 2.550964632400790855e+00
6.529360336165702661e-01, 2.861372732181873824e-01, 1.682303300702498172e-01, 5.360211637308212040e-01, 1.459745660647285628e-02, -1.530479556952004938e-01, -3.713158115724236041e-01, -5.489045258356812784e-01, -7.095765575148963444e-01, -8.336850274713186737e-01, -9.207381793092047628e-01, -8.653381373587056835e-01, -1.010924371026722390e+00, -8.506403106536872816e-01, -7.575765919374125579e-01, 8.565909135490873405e-01, 1.464590442334207543e+00, 1.482244061820007675e+00, 1.302008997881398900e+00, 7.855952155807149895e-01, 5.235548615604187495e-01, 3.767652350195301869e-01, 1.641536621256380057e-01, -1.196526901068087623e-01, -1.054917324657953653e-01, -7.132435862678374039e-02, 8.024887247201421825e-02, 3.344808553521989580e-01, 1.239987128902115820e+00, 1.525163929644330230e+00, 6.384383720004873641e-01, 3.121851662481223699e-01, 3.849974069549631506e-01, 5.814073929150474079e-02, -3.753385086228649414e-01, 2.023784442140375561e-01, 1.305927099071500841e+00, 1.763100595983204011e+00, 1.716776926528752467e+00, 1.430761724963335091e+00, 1.413271342955557675e+00, 1.360447178947520097e+00, 1.225595324443542689e+00, 9.514089986031650792e-01, 3.886394488206171283e-01, 2.616485864913211112e-01, 4.018178189031440528e-01, 6.985052390199910644e-01, 9.905707999542940900e-01, 1.441908422386916078e+00, 1.811322419831583375e+00, 2.102805040230515399e+00
1.134410780334759616e+00, 8.700806839004825433e-01, 4.618276587761839247e-01, 1.085954475951052656e+00, 3.865326983953119022e-01, -4.369624032548036219e-02, -6.043481485863906322e-01, -8.274617073236139042e-01, -9.606860518885244060e-01, -1.102294144899238049e+00, -1.098553011675161173e+00, -8.123264569268219271e-01, -3.632051315283740811e-01, 7.636315346259415771e-01, 2.082005494527367606e+00, 2.264018727704965706e+00, 1.804685715971396709e+00, 1.577716856360157571e+00, 1.321760795678994960e+00, 1.169044635053639647e+00, 1.024067113431589737e+00, 8.010548157767062305e-01, 5.639768330308875255e-01, 3.226963217758791469e-01, 1.712289019286508673e-01, 2.064869267055716995e-01, 3.826697710392005236e-01, 5.885562362760403676e-01, 1.403743657269824086e+00, 1.484770748691981890e+00, 5.016003188602219387e-01, 1.353463159154760093e-02, 8.261854399179248409e-02, 2.239845777306237185e-01, 2.434345113281048134e-01, -8.257603080711559684e-01, -3.515288106371586285e-01, 1.513112347836814919e+00, 1.717210293028955004e+00, 1.318944242900830455e+00, 1.076397999297966646e+00, 8.765213397150465324e-01, 6.427169823303060525e-01, 4.038810209594697609e-01, 1.136853688247844996e-01, -1.685967827809560157e-02, 1.349766436674146308e-01, 5.489598707308885883e-01, 9.847695832875891231e-01, 1.300216140265119558e+00, 1.497354331743153466e+00, 1.290227892830747125e+00
1.425376652064366700e+00, 1.193474559227321485e+00, 4.204565136646747914e-01, 9.404545696336690241e-01, 2.009378588983216918e-01, -4.374087659410655360e-01, -9.083366993598213091e-01, -9.441083587430045831e-01, -1.125517093090518062e+00, 8.592668242641207099e-01, 1.789001934408834593e+00, 1.796812039940003380e+00, 1.682049747906231074e+00, 1.601680587286741897e+00, 1.322718625505033385e+00, 1.126096059098595559e+00, 9.014729682392055299e-01, 7.358650882251754899e-01, 9.566889265316081969e-01, 1.095089562005978179e+00, 1.084908305734535672e+00, 1.015147503946467245e+00, 5.797066808376994951e-01, 4.754881580058174517e-01, 3.813689296854892441e-01, 4.188176241285060386e-01, 4.077099307285476648e-01, 4.337500903839053845e-01, 1.361825549319826134e+00, 1.397068541695127841e+00, 3.751094838740395288e-01, 2.398082543438879721e-01, 4.410298008814851345e-01, 6.064429095833656636e-01, 5.186367804404328208e-01, 2.759554738638079208e-01, -4.264407796446708088e-01, 9.122278487083637089e-01, 1.527739836764223647e+00, 1.111560113637978686e+00, 7.182448265727883197e-01, 5.151000999314478968e-01, 9.965247359192892784e-02, 4.972114172913594601e-03, -1.634978180768881795e-01, -1.960878119349125093e-01, -5.482157270269060259e-03, 3.928245631592852671e-01, 9.297037779291963400e-01, 9.857053682262213457e-01, 1.230136617693607715e+00, 1.458548088543645038e+00
8.725461462952087688e-01, 4.068054075885069731e-01, 1.132406889966965230e-01, 1.302065885797464018e-01, -2.730533397585171995e-01, -6.913225370360641664e-01, -1.021257821672459043e+00, -2.928910520839932974e-01, 2.022593957241227258e+00, 1.113078562496241375e+00, 2.916944379388288211e-01, 2.361196200464265801e-02, 2.871366897187955791e-01, 5.210401500431239841e-01, 6.196101934351274654e-01, 1.495122653740256491e-01, 4.211531747013242538e-02, -3.091097234716918066e-02, 9.988564495725305026e-02, -8.311851548582540813e-03, -3.461100674488434836e-02, 3.447710062265256226e-01, 4.140659383669003657e-01, 2.287760426495856758e-01, -5.901160341367216178e-02, -8.155743351528599305e-02, -6.427177105971855486e-02, 1.054003123243286294e-01, 1.322699426694969427e+00, 1.270989256873998885e+00, 3.837492738756518307e-01, 2.953962891351522568e-01, 3.897144434216129327e-01, 1.359716262746721825e-02, -2.928441391321132126e-01, -5.646671149325374062e-01, -1.592750356779778498e+00, 2.644738687885399009e-01, 1.069247656166577354e+00, 9.222048236886368766e-01, 5.389903694873885431e-01, 2.676141289974764415e-01, 1.180444551726055474e-01, -1.534821871915602043e-01, -1.059717508490344712e-01, -1.131632579575466563e-01, -2.274975562263128331e-02, 4.707628296601519269e-01, 7.795609867791127856e-01, 6.407549668908908425e-01, 8.866492336312750133e-01, 1.605229150420949047e+00
5.546783869905915765e-01, 4.977581654934187111e-02, -5.661276335601459625e-02, -1.276041130909955912e-01, -4.712578649367027972e-01, -1.013892205111010414e+00, 1.382326526070182526e-01, 2.489978045518938643e+00, 1.036681357136927994e+00, -3.658625197224585346e-01, -5.344888929816405954e-01, -6.847202133073290176e-01, -6.556905619841240096e-01, -5.440679308865002950e-01, -5.702578769165034256e-01, -7.660045302696466551e-01, -6.546732344499437417e-01, -6.744907501326403709e-01, -7.362435049047134639e-01, -5.400050491390567808e-01, -4.164832835880740713e-01, -3.884751193247103496e-01, -3.080101645234593066e-01, -7.899018607630933775e-02, 6.766217167628930940e-02, -1.949375782531601042e-01, -2.898345128966654527e-01, 5.027289951568768983e-02, 1.362999730983411872e+00, 1.234823925032922709e+00, 3.229646873477212687e-01, -1.096939675868441322e-02, -3.533351184076656826e-01, -6.729198978537186404e-01, -9.134330835256893044e-01, -1.810106486083493671e+00, -1.895417431948797304e+00, -5.995939126770862826e-01, 3.507840702478625117e-01, 6.559237348926795219e-01, 4.394511053552607183e-01, 2.630728467888236444e-01, 1.256235576037464385e-01, -3.493948664025336298e-02, 2.682738526846566163e-02, 7.089572170635025095e-02, 5.499173406347353243e-02, 5.100592301210533641e-01, 6.534660809951137184e-01, 2.865808309181048785e-01, 9.892672614456174962e-01, 2.004634345983626886e+00
7.016516018588353498e-01, 5.326696551624506837e-01, 3.282143203603430370e-01, -9.203020326297697840e-02, -9.572209313260997554e-01, -1.326593768117791505e+00, 2.203907389343740864e+00, 1.687087691161547331e+00, 5.285527976443837872e-01, -1.449085931763844093e-01, -2.678239488475389618e-01, 1.807643023425146156e-01, 1.029002896448637294e+00, 7.845318308684576802e-01, 2.396660387462558051e-01, -7.980434937728535516e-01, -1.412226575347492519e+00, -1.412395366551808751e+00, -1.460895783647047086e+00, -1.490617216882276219e+00, -1.480592079443529441e+00, -1.456664438096394454e+00, -1.412825113669949006e+00, -1.112181426353423763e+00, -6.723883123611852364e-01, -5.377269591946333138e-01, -2.400841709571318594e-01, 1.766498213523138572e-01, 1.431493148604362720e+00, 1.166957282465445056e+00, 3.842294687999194824e-01, -5.949131984783261329e-01, -8.754584033392900366e-01, -1.306013959269126445e+00, -1.759510106471446900e+00, -1.848788830564578323e+00, -2.069188159485330303e+00, -1.768093216662932177e+00, -8.217999118930989777e-01, 3.464843549359030161e-01, 3.166486704042845157e-01, 2.031896160950217856e-01, 1.105436305088072363e-01, 6.708347080950910479e-02, 2.113779609339183074e-01, 3.737061527364304303e-01, 4.467282527012880755e-01, 5.700620257214020770e-01, 5.467519938894479514e-01, 1.123500952716585954e-01, 1.367601046696015565e+00, 1.994103419987453440e+00
6.670262897681590308e-01, 1.954293029973483975e-01, -3.465947170215386564e-01, -8.047350128718977480e-01, -1.444245045708392405e+00, 5.261336550579048116e-02, 1.934298616507540425e+00, 9.654846694673017149e-01, 4.990777175034017410e-01, 2.028784258394187856e-01, 7.520291218970752700e-01, 1.650934800702090310e+00, 6.222507330145867765e-01, -7.557124459038137843e-02, -1.585799670747056300e+00, -1.598351464324996307e+00, -6.864579861861906940e-01, -3.882980270178179594e-01, -7.971061693026123551e-01, -1.072041761077692668e+00, -1.181272732441695617e+00, -1.466810438768991531e+00, -1.704088045841464671e+00, -1.705516144037245496e+00, -1.704584556717348320e+00, -1.059663558985473264e+00, -3.778066583901601994e-01, 6.355057089941522630e-01, 1.532170244498856526e+00, 1.265475930275774763e+00, 6.515525778823554326e-01, -1.284911112953124546e+00, -1.574399783891507809e+00, -1.570101670472261013e+00, -1.673065942194948530e+00, -1.804904373973911902e+00, -1.980211687165796430e+00, -2.159039396027499169e+00, -1.126145124093875571e+00, 1.289797613321509440e-01, 9.242192306722285533e-02, 3.196544669842006636e-02, 5.069799639956452941e-02, 2.714138386778879031e-02, 2.215115179566798931e-01, 4.347632599997948710e-01, 8.215264072980222876e-01, 9.030707898435277325e-01, 8.727226360690514273e-01, 3.033718919849941464e-01, 1.490616412495272769e+00, 1.986790701740265730e+00
3.964457140824679260e-01, -4.019197316500450201e-01, -1.045706924206847299e+00, -1.324424040082426313e+00, 4.408839301928058618e-01, 1.766354364373343921e+00, 1.359159066856222564e+00, 8.744758689268928853e-01, 4.795895733675549777e-01, 8.973523022952776262e-01, 1.489502409511456849e+00, 1.273701804194857790e+00, 2.639826879868755749e-01, -9.298329326745536916e-01, -1.774853869597516454e+00, -1.550935947889412025e+00, -1.625795508700983660e+00, -7.262053144906935875e-01, -1.696745917830881079e-01, -6.337100367673076384e-01, -8.624245118576341351e-01, -1.072631393681489076e+00, -1.234942706230009790e+00, -1.310367205151877990e+00, -1.412294867851100033e+00, -2.149311580141939071e-01, 1.507829858349103880e+00, 1.678987214986490173e+00, 1.667597184254141496e+00, 1.416422001233462735e+00, 1.318925956844078318e+00, 9.624334231196388645e-01, -7.179122160279611808e-01, -1.572937255180708149e+00, -1.618051087286894507e+00, -1.818625391700232408e+00, -1.960227218017800865e+00, -2.100591442712843815e+00, -7.934866718857119805e-01, 1.683663142895425457e-01, 8.873626276792569156e-02, 7.501031524624598990e-02, 1.435322143978208509e-02, -2.078428794709783270e-02, 1.615601870072290169e-01, 2.967756873444420407e-01, 6.732419734491613683e-01, 9.417986531584682242e-01, 1.295336041438021280e+00, 7.216655401114675517e-01, 1.451588632401921375e+00, 2.012411239655127915e+00
8.196490304099982027e-02, -6.944142220170642643e-01, -1.118383952587267860e+00, 9.100376522732663842e-01, 1.745218538836174282e+00, 1.552493390393233641e+00, 1.121132644636294806e+00, 9.468708753641333908e-01, 1.188622149752567969e+00, 1.028241661410166152e+00, 9.471517181970896537e-01, 9.434683903685283646e-01, 3.559793758973723854e-01, -2.387338652568187780e-01, -1.255765536055932330e+00, -1.317783827050013512e+00, -1.648861339521445313e+00, -1.301056818777976964e+00, -3.708229207918763842e-02, -2.809668749352537409e-01, -5.190075259348513326e-01, -4.118018568004480073e-01, -2.991753810571498584e-01, -5.941920860303978591e-02, 1.170299902120866875e+00, 1.749870572935435131e+00, 1.504499797895529012e+00, 1.150617010895191195e+00, 9.782895434729886874e-01, 7.535697386613571247e-01, 8.769683627547194549e-01, 1.002410840366019684e+00, 1.114730518399875692e+00, -1.475437350242442269e-01, -5.031731688837618455e-01, -6.168218619361545141e-01, -3.881260702384877748e-01, -4.893752324847113200e-01, 1.853631662511237219e-02, 3.488042979488326645e-01, 2.757376657865411862e-01, 1.551501478240248644e-01, 2.260556249599009887e-02, -4.989302769656708131e-02, 1.576612573190098454e-01, 2.159770899300806068e-01, 4.535313762461002374e-01, 7.802748938915892163e-01, 1.161413601151672692e+00, 1.363957088558387154e+00, 1.604224301660388541e+00, 2.098986235994242833e+00
7.399282394802449148e-02, -7.405158941946123896e-01, -1.466867836041750583e-01, 2.124957229562939531e+00, 1.658222461221084076e+00, 1.404266563047909422e+00, 1.131474127771699090e+00, 1.251554079189052038e+00, 1.031572914618819725e+00, 7.619452531824001396e-01, 9.518926738718894720e-01, 9.116609348311929262e-01, 7.021442960562631619e-01, 6.135856966189909278e-02, -7.746157120269776541e-01, -1.368551264242594989e+00, -1.833877810702327471e+00, -1.444811552817573563e+00, -3.884909374504866841e-01, -2.801404976636929778e-01, -1.902905049573823670e-01, 3.591517861645932702e-02, 9.248177098529716256e-01, 1.774576236330656309e+00, 1.725979817519949000e+00, 1.300387571543288878e+00, 2.499349480798595813e-01, -4.529107000703258556e-01, -1.296685225173264566e+00, -8.048934624594406007e-01, 3.106419002509949734e-01, 5.460427901938519346e-01, 6.500502069742196687e-01, 8.701244607487226279e-01, 8.375451317675942642e-01, 7.551777882983337076e-01, 6.728279794865821284e-01, 6.249019784459527438e-01, 5.494442615178143363e-01, 5.767947518984933852e-01, 5.174656698042922054e-01, 2.842380369065232171e-01, 7.829135924111529921e-02, -2.936403252526931240e-02, 1.412579998736765985e-01, 2.223519557146648729e-01, 4.517610682217665929e-01, 7.078123233674681325e-01, 8.241962184786506551e-01, 1.348467620420496615e+00, 1.716436840353142035e+00, 2.048117796444691940e+00
4.038284062110298334e-01, -7.875894057856733799e-01, 1.334363403206241694e+00, 1.932514019208284139e+00, 1.600257148968448728e+00, 1.256856181124317295e+00, 1.112757205533601912e+00, 1.096303111431577104e+00, 7.603847468573430302e-01, 8.003210248707925967e-01, 7.337631427905459969e-01, 7.183075027093891451e-01, 5.918020701544827178e-01, -1.276832935807152222e-02, -8.145868349536750097e-01, -1.388643921241051515e+00, -1.719665912293415921e+00, -1.443356516143647461e+00, -9.597685059259369877e-01, -1.797560695805656417e-01, 6.387282655350705607e-01, 1.412704875957265571e+00, 1.684379809333899747e+00, 1.487293413829128941e+00, 1.421381800997878697e+00, 7.354115205721865056e-01, -7.622929231960463847e-02, -9.635593267303081966e-01, -1.363822284121327666e+00, -1.451706486251266082e+00, -1.247251641466694760e+00, -3.622363152019549837e-01, 2.322820752448098436e-01, -1.417187285543567432e-01, 5.915435033609388604e-01, 9.883950547798172614e-01, 9.780331763177105842e-01, 9.410293188780505247e-01, 8.289869321907104016e-01, 7.295541124875903893e-01, 6.396242906366423897e-01, 4.320091675632252159e-01, 1.593724935847625201e-01, 1.197916659882686946e-01, 1.927170760099817526e-01, 5.555827109380643593e-03, 3.576478765111673064e-01, 4.446914365647767764e-01, 7.504652897054814309e-01, 1.171937802081843838e+00, 1.601786993649538804e+00, 1.963897899275251824e+00
1.806723094416963216e-01, -9.737341827347948398e-01, 2.264354291104380579e+00, 1.821492581579888359e+00, 1.527287875092905312e+00, 1.203461133326798826e+00, 8.987383246609461640e-01, 6.898383322697746456e-01, 5.241258522451240909e-01, 3.169921836540517956e-01, 1.549832633989017550e-01, 7.491117033999941145e-03, -5.925066394271588655e-02, -4.367201187359611714e-01, -8.366942629818965305e-01, -1.185703181012023766e+00, -1.197904531167698794e+00, -5.378321385299859037e-01, 2.994032356089320612e-01, 8.753988399813240617e-01, 1.538143055262520376e+00, 1.771131045386816094e+00, 1.495040948297705619e+00, 1.107057287739961815e+00, 8.948319641592537010e-01, 2.231673566209133597e-01, -2.782648966653902822e-01, -1.183722530117895744e+00, -1.307823271079438854e+00, -1.324297200572590372e+00, -1.187867241382853267e+00, -1.097477192484138886e+00, -6.039076039644807326e-01, -6.216070146613232872e-01, -2.963578483114072126e-01, 2.366384876848737912e-02, 1.149450115061874556e+00, 1.040507049110538595e+00, 9.290941012497855311e-01, 8.362182041090230333e-01, 6.915651093560888363e-01, 4.208147236029779470e-01, 2.825136312328402344e-01, 2.823037948077318227e-01, 1.643989601506617992e-01, 1.372513076514249308e-01, 9.455193769930216041e-02, 4.703184930284211585e-01, 7.072531160311158471e-01, 1.158127145430705385e+00, 1.650532860394950729e+00, 2.043476929602651815e+00
-3.693340727941098467e-01, -2.503130011344431027e-01, 2.396453957248851019e+00, 1.693281643150006177e+00, 1.503375918997917893e+00, 9.526773270410673344e-01, 5.942455347588926351e-01, 2.284281209167026427e-01, 6.485139907407490301e-02, -1.743259700891521269e-01, -1.693839781428034263e-01, -4.036054537700954348e-01, -7.591006077666849761e-01, -1.030849462063124111e+00, -1.157456892817984473e+00, -9.326907543727100958e-01, -5.238955528948653351e-01, 2.556515534803375234e-01, 1.020556556686051275e+00, 1.409587537076447683e+00, 1.609789516751677141e+00, 1.568751732440380575e+00, 8.018199276217893301e-01, 4.938430489608747753e-01, 5.289765636671527327e-01, -9.346871516346819120e-02, -5.263279811897437765e-01, -1.242539429439103893e+00, -1.364352644697359951e+00, -1.346181555208718628e+00, -1.278662314075454942e+00, -1.172913814471248095e+00, -1.065833779381065716e+00, -7.996060566411493653e-01, -6.727443166922475459e-01, -1.224264349484061931e+00, 2.724288050762969093e-01, 1.075726227744582486e+00, 9.607743917766408126e-01, 7.888441907026937372e-01, 6.076357461232618773e-01, 4.086754124434360258e-01, 3.445254883991231143e-01, 2.234231140415191275e-01, 1.165381092595487028e-01, 9.170614052558549723e-02, 3.408572549973981070e-01, 4.880520046926117850e-01, 7.568424332683436617e-01, 1.109086811411258422e+00, 1.600998423387880010e+00, 2.090389954209107337e+00
-2.796106492850244374e-01, 5.325709903903985687e-01, 2.253419895633651748e+00, 1.588212132883723093e+00, 1.412790338065125884e+00, 5.718716928863086801e-01, 1.287903336127151632e-01, -1.218692207880690548e-01, -2.841471044583283589e-01, -5.867120932176405068e-01, -4.561885868433692148e-01, -3.984588430107718904e-01, -5.074834137158883429e-01, -4.625919868777605415e-01, -3.735941642822804831e-01, -9.534388143880735689e-02, 1.436306741454259905e-01, 6.526725059824176611e-01, 1.264046391810228043e+00, 1.469406086553154411e+00, 1.454913271070185754e+00, 1.144037030695833179e+00, 6.856297898358956200e-01, 3.218442034918383987e-01, 1.088522231800486961e-01, -3.681406212822372348e-01, -5.941092718492905211e-01, -1.185126435315807525e+00, -1.561509898744647851e+00, -1.624467773649096891e+00, -1.254609060397973597e+00, -1.163812857316903981e+00, -1.074738792399360099e+00, -7.347544900143501145e-01, -1.352999309000789463e+00, -1.687073245676907307e+00, -8.505693233059891112e-01, 1.042309608318640057e+00, 8.838328105910305821e-01, 5.807597000757930283e-01, 5.034619247628577821e-01, 3.445559113410012197e-01, 1.938612790846705181e-01, 1.156118813654998245e-01, 8.466970035129198213e-02, -3.230742407068930289e-02, 2.385077684218630395e-02, 3.035189467667057106e-01, 5.742200320689998527e-01, 1.090614117970301944e+00, 1.616149234050479500e+00, 1.911226139678793956e+00
-3.860935473575807242e-01, 6.546241323213820573e-01, 2.119934369776985683e+00, 1.602902173847442047e+00, 1.093604079202413315e+00, 3.053686037234629169e-01, -3.410389682893743002e-01, -5.943057579970493221e-01, -6.635193550806643970e-01, -8.090190631095598439e-01, -8.484559617338436333e-01, -8.802281921852581625e-01, -7.164868554467007655e-01, -3.705332132426377711e-01, -1.286679879887251410e-01, 8.595042258400216809e-03, 4.529254997542158656e-01, 1.199200265245068620e+00, 1.546478700842016663e+00, 1.309175683205659135e+00, 1.137820518183723539e+00, 8.420726310449053731e-01, 7.894442023540799713e-01, 6.132891895719345676e-01, 3.534306499641158283e-01, -4.487227209145996931e-01, -5.937499290278899222e-01, -9.559593257818717049e-01, -1.833357290730540212e+00, -1.790724034858387492e+00, -1.426733587351533217e+00, -1.253035392960321071e+00, -8.822124251229629399e-01, -7.002212287399033341e-01, -1.586043081666410171e+00, -1.854578733548476022e+00, -1.305464938949985720e+00, 9.088701096604305807e-01, 6.535049952851178512e-01, 3.511496114977890048e-01, 2.798603730447791205e-01, 1.617480603697707409e-01, -8.699681668976317825e-03, -1.735030515407356699e-01, -2.580471017865004213e-01, -3.041725722224213890e-01, -1.462325288601971363e-01, 2.027919079599970753e-01, 6.734613309830072003e-01, 1.064649400870032681e+00, 1.659637780624173775e+00, 1.925273782669020717e+00
-3.056818574662764632e-01, 9.366465183101203573e-01, 1.996229885571521923e+00, 1.535795256826597122e+00, 8.117576660982831482e-01, 6.838757505136672243e-02, -5.553336974625157074e-01, -7.475483721506149815e-01, -9.330492908494536497e-01, -9.434898106379528970e-01, -9.779939218503777010e-01, -7.471083536831062410e-01, -7.175546304511415396e-01, -4.366446534781551758e-01, -1.443807176861655051e-01, 1.440500302855602099e-01, 3.887173967403124153e-01, 9.842124657319173409e-01, 1.195648478525455971e+00, 1.137459282735670207e+00, 1.178656845838923051e+00, 1.235665430384231600e+00, 9.675034133675834980e-01, 6.888695243693383485e-01, 8.957796594475002649e-01, -1.097797382767341443e-02, -6.353310663625229004e-01, -7.377235468604340651e-01, -1.641983837701681104e+00, -1.755966393838114481e+00, -1.213803546578428261e+00, -6.004849937176753860e-01, -3.334228974970939730e-01, -3.499242332080866325e-01, -1.471077286537551432e+00, -1.896787867432376595e+00, -1.083243448810350174e+00, 4.761320029031382850e-01, 3.733161815249401716e-01, 2.244293171610072801e-01, 8.841932368328488112e-02, -1.224093850254298482e-01, -4.477214194655444457e-01, -5.404964625689508972e-01, -3.904497729660039718e-01, -3.328255366658905978e-01, -3.893221533014560448e-02, 4.788984289233820801e-01, 8.912315826343344405e-01, 1.290308864607409456e+00, 1.892860613601048625e+00, 2.392276619559803308e+00
-2.625156926081131936e-01, 1.246574456392837815e+00, 1.880431961517707862e+00, 1.420013018631979040e+00, 8.738875644295910350e-01, 2.673872037537413648e-01, -2.276114522852446809e-01, -4.108635262086897666e-01, -5.451623619337464532e-01, -5.950965146135959172e-01, -4.215943017400940462e-01, -3.863014301620830149e-01, -5.939606869726997695e-01, -7.740269421283436646e-01, -4.998440614151132833e-01, -2.229579651276898666e-01, 1.510430659119285299e-02, 4.123594152224248632e-01, 6.272994581784723245e-01, 8.946663364535256679e-01, 1.221742249645770162e+00, 1.483747709104000556e+00, 1.392374347380916477e+00, 9.800530942427994052e-01, 7.086539973331251741e-01, 3.151389150329874100e-01, -6.157367368452836276e-01, -9.090970566648289841e-01, -1.002634264392906482e+00, -7.258734384780869409e-01, 6.534469995520314489e-02, 1.007910184113026131e-01, 4.934335032996980952e-02, -3.212396528050411315e-01, -1.585810216750324964e+00, -1.809213760398686865e+00, -6.069426690686182679e-01, 3.905752678580564630e-01, 9.172592645428359615e-02, 6.553548919261215078e-02, -1.713429734966484264e-01, -6.078331397971870054e-01, -9.289678797291248680e-01, -8.553951402287039985e-01, -6.683531211468112243e-01, -6.706137554467197504e-01, -1.280167894901248007e-02, 4.467166859245935706e-01, 7.697401685039385599e-01, 1.080763673881496301e+00, 1.855609767642480312e+00, 2.688850069059768533e+00
-3.155279303182703665e-01, 1.338671572204189752e+00, 1.861709297377539984e+00, 1.514224467856968959e+00, 9.448950401252895759e-01, 4.106450426952601984e-01, 9.514382655088851615e-02, -1.311857789823487053e-01, -4.095975175524537715e-01, -2.393314209838686701e-01, 3.230620916346353677e-02, -1.054122550504410227e-01, -6.919285350211556995e-01, -1.167419552713509612e+00, -1.071713136040469916e+00, -6.352165580742242801e-01, -5.025351606535762850e-01, -5.257973396165005475e-02, 3.775020570390043573e-01, 5.273429304769509107e-01, 8.053764345928662305e-01, 1.296023318478481290e+00, 1.522102524653931699e+00, 1.122137658068996124e+00, 9.535274506201157907e-01, 7.661251409621970820e-01, 4.928822512053702698e-01, 1.329736625607038647e-01, 1.657577153070401710e-01, 1.818641444684755970e-01, 1.694810444002295691e-01, 1.695177992998173899e-01, 2.848285949364514069e-01, -9.035618924703043842e-01, -1.633821897635505005e+00, -1.490515372579900522e+00, 1.243847296729245905e-01, 3.341640027886119690e-01, 3.994999705029837062e-02, 1.447370799222738591e-01, 7.638982299529424591e-02, -6.157417968022725618e-02, -2.476126197471877899e-01, -3.334788843180355733e-01, -4.367049812680690590e-01, -5.646556605547338181e-01, -9.627955803600328488e-02, 4.014875606408654929e-01, 8.302658789710762877e-01, 1.409175719507329116e+00, 1.900446508845012872e+00, 2.327521976381433433e+00
-4.663378999770347866e-01, 1.370800404313597953e+00, 1.928352540098637657e+00, 1.520889464695538207e+00, 1.122016414075526214e+00, 7.490275108279135230e-01, 3.375996530439447918e-01, 3.099500948957538693e-01, 2.627695294448721963e-01, 3.885799686912200790e-01, 5.033339000789652795e-01, -1.097263670557691861e-01, -8.047432959429284827e-01, -9.815400698328881068e-01, -8.566373461352451146e-01, -6.628605790575650136e-01, -2.904745857898053951e-01, -2.098809995797243921e-01, 8.637440387478081960e-02, 3.323259251890324228e-01, 4.037425676180838585e-01, 6.966634426368394362e-01, 1.399774689532124139e+00, 1.415056377266930676e+00, 1.145524780521707031e+00, 1.147031594194811488e+00, 9.916665889182587623e-01, 9.481957222001254904e-01, 7.087062092574696326e-01, 8.528783575604172162e-02, 1.883072075289609904e-01, 2.759660633857046186e-01, 2.299097570619569042e-01, -1.444360762116935648e+00, -1.456728081270363351e+00, -4.701136365039314535e-01, 2.284910598064424370e-01, 3.748445636180255947e-01, 3.232190366231846856e-01, 4.058039609708727902e-01, 4.769651228667255993e-01, 3.816058029949927488e-01, 3.009362255610340542e-01, 1.512133823391664522e-01, -4.832649718375537501e-02, -1.416459488989544879e-01, 7.189846479391380496e-02, 3.490679036022930615e-01, 8.200854053530473031e-01, 1.469966844335930833e+00, 1.717093185713591597e+00, 2.387919149193097557e+00
-7.356560608756203268e-02, 1.688171432249367721e+00, 1.960329758749143059e+00, 1.367168607579143602e+00, 1.116469951017076356e+00, 9.496909439257925634e-01, 6.805149165434410952e-01, 6.416316474327423691e-01, 6.930116875367390294e-01, 7.548365375394165966e-01, 3.649619150718951821e-01, -4.485844338525051822e-01, -1.153726890823405959e+00, -1.029500175150822372e+00, -1.555243138885831877e+00, -1.568875402882369707e+00, -6.685333958882082594e-01, -3.891716669259481787e-01, 4.028733671276504280e-01, 4.293851114378872680e-01, 2.632676279829990196e-01, 3.105304080886608920e-01, 5.436511063385126574e-01, 1.345161390122108003e+00, 1.610834226604116681e+00, 1.238732483443413912e+00, 1.171162099209423602e+00, 6.927930570540049571e-01, 7.470545654623158560e-01, 4.975501013485168489e-01, 5.717408270527024605e-01, 6.699840928171126864e-01, -6.106309424636383598e-01, -1.730104561117146167e+00, -1.128814817540485960e+00, 9.873042894720208962e-02, 2.866732407531707993e-01, 2.375404898514401897e-01, 3.520158709974585132e-01, 4.731381237672003248e-01, 5.781374851011841232e-01, 6.485887146198732189e-01, 5.702643557162875299e-01, 4.156331872971719132e-01, 2.728280123271439872e-01, 1.418493912274695554e-02, 3.808947712617084813e-02, 3.564918183174856092e-01, 9.039329327499601163e-01, 1.366417317969224055e+00, 1.921683121019477358e+00, 2.122014089254480318e+00
1.449267690840415845e+00, 2.197050563830363679e+00, 1.869109044276194398e+00, 1.383775749401079613e+00, 9.222704859085480988e-01, 8.912160452580717429e-01, 8.651623976897901969e-01, 8.653008234302105306e-01, 7.611047173813222377e-01, 5.643422690622553750e-01, 1.906425969974901713e-01, -3.088438677464354076e-01, -9.974835938071928698e-01, -1.668153360300838051e+00, -1.974882793764492606e+00, -1.709277356244090607e+00, -1.566661367348330502e+00, -8.799818894124874502e-01, -1.848125179144313457e-01, 2.283420680855397511e-01, 3.048647333787397051e-01, 3.060552425019755773e-01, 4.109869257043933799e-01, 7.259691153335510183e-01, 1.650883524650294865e+00, 1.485410761481138486e+00, 1.437511567645651134e+00, 1.121801112931883226e+00, 1.204181992044819127e+00, 9.950428888300071328e-01, 9.703695102942925255e-01, 5.900913347751309823e-01, -1.364204878210604210e+00, -1.261496475742741374e+00, -4.131854324976772519e-01, 5.210088686478496767e-01, 8.622415000215727376e-01, 7.423819719553341745e-01, 7.707540848577354442e-01, 4.892612689755882482e-01, 4.611874879926824433e-01, 6.614505434218274083e-01, 7.761730431352705795e-01, 7.451854512532927188e-01, 4.608441462995508942e-01, 3.266725297463997646e-01, 2.581051200935959855e-01, 4.875975320794129764e-01, 8.955651717497371544e-01, 1.452510389549016345e+00, 1.535081296051379107e+00, 1.864065043524899545e+00
1.319423353680641009e+00, 2.060742245947970286e+00, 1.665042479288215915e+00, 1.423811337739014471e+00, 8.386115389150884392e-01, 6.242073331665846103e-01, 7.460337370347061015e-01, 1.000077114197893913e+00, 6.901361735798308139e-01, 5.730391006937904930e-01, -3.669349771307204300e-01, -5.575473868486100493e-01, -1.619917809882654769e+00, -1.936337461279536543e+00, -1.688726039251961186e+00, -1.985893069934900224e+00, -1.688683379901031900e+00, -5.885027339025227233e-01, -7.831375197589608705e-02, -9.062828640802934876e-02, 3.574487344634127550e-03, 1.812313442398645613e-01, 3.347967092390971011e-01, 6.185474911141173315e-01, 1.384304807444763696e+00, 1.744483827017575539e+00, 1.506294119566529144e+00, 1.397804932867575900e+00, 1.218120348100361072e+00, 1.072473951159756078e+00, 8.001989627052303877e-01, -4.028298072514213679e-01, -1.734632452299654348e+00, -4.137263340127629863e-01, 4.294871129575889013e-01, 9.642567760950094824e-01, 1.175253987608575690e+00, 1.056705914717561257e+00, 9.963431462762001312e-01, 8.273882862608286093e-01, 4.285410090363447888e-01, 3.009748813599891770e-01, 7.024161134400738193e-01, 8.232395773386796956e-01, 8.160192248592520459e-01, 7.392481902316274667e-01, 3.191378074478892213e-01, 5.101587786866464969e-01, 1.092760060366478880e+00, 1.362903834908277600e+00, 1.056457001472207224e+00, 1.562260373117448031e+00
6.912564443886144439e-01, 1.703012058356973446e+00, 1.550552966017873846e+00, 1.354229642893857610e+00, 8.130871993752115667e-01, 4.649551714630925647e-01, 3.440422837862362471e-01, 9.715783580030273869e-01, 8.516674126463402716e-01, 8.948876451931264686e-01, 2.793629546375472894e-01, -8.463456196396894615e-01, -1.852507553220353875e+00, -1.828801064276327715e+00, -1.755694250666997247e+00, -1.660291962173455316e+00, -1.649276925055395138e+00, -4.704304168049970869e-01, 8.011428443179825776e-02, -1.508988711205219158e-01, -2.343378596615881826e-01, -7.227582674772267679e-02, 1.247398949902392140e-01, 3.745110101499912747e-01, 1.044343420345827056e+00, 1.587236686115692574e+00, 1.396573911883024710e+00, 1.430002044717375131e+00, 1.082981445689721989e+00, 7.922751215730446939e-01, 2.518968159130842710e-01, -1.962165575572767828e+00, -1.464029272454410391e+00, -1.708437987579643491e-01, 8.752972476103276778e-01, 1.279538133387681853e+00, 1.189358209715320358e+00, 1.074340681490096205e+00, 9.920234492078983113e-01, 7.395503218682832891e-01, 3.559233808051545100e-01, 2.026530466544019249e-01, 3.807647862447992582e-01, 5.326658530869391450e-01, 6.508487961305970959e-01, 8.787081176117419457e-01, 9.882475171593188001e-01, 9.410292446503474295e-01, 1.274586337399581826e+00, 1.071000904345052573e+00, 1.020829203120628081e+00, 1.533698459597427677e+00
2.263780299186983758e+00, 1.858613847517247120e+00, 1.374891938935167257e+00, 1.110524663239643495e+00, 7.425489200639616705e-01, 3.432713974109202759e-01, 1.241500478740887453e-01, 3.223952987242382218e-01, 8.356222262141989043e-01, 1.244640364656908638e+00, 8.273001088716019913e-01, -2.989836772677975651e-01, -1.369147345239704716e+00, -1.828604088557580054e+00, -1.527747887897226375e+00, -1.714615615296587459e+00, -1.484615702513034208e+00, -2.004164160296006414e-01, -4.806825698594178325e-02, -2.458802046494426852e-01, -4.522306221323725561e-02, 2.988779155834896811e-02, 8.677974308455452257e-02, -1.313026301324140555e-01, 7.260445877871473108e-01, 1.030274178681094499e+00, 1.135942623768755100e+00, 1.085746054156755847e+00, 6.467715848193476003e-01, -4.229362755690047049e-01, -1.535802871894598409e+00, -1.560214674990997086e+00, -5.722981190617982827e-01, 6.749531590730716291e-01, 1.178732438926925585e+00, 1.178124783398013298e+00, 1.064014728111912333e+00, 8.689318791002629272e-01, 7.698262458742068937e-01, 5.299729548859262174e-01, -3.140389549313137851e-01, -1.071072039554260141e-01, 1.378416225871390843e-01, 3.513549145368580207e-01, 5.615782031841357602e-01, 7.400867274372634474e-01, 1.020607166700013391e+00, 1.227364346900656322e+00, 1.349103669001083139e+00, 1.157229550047615518e+00, 1.027389166642053597e+00, 1.548715972577083599e+00
1.080273119991367103e+00, 8.775501869203641281e-01, 1.281535726766327210e+00, 8.859515429299114064e-01, 6.141034879319443585e-01, 2.145257548095518552e-01, -1.015618802303054902e-01, -1.051536389647763914e-01, 2.537725919855443601e-01, 1.144199618141269914e+00, 1.266131987414432114e+00, 2.696698572911218061e-01, -3.979106382759844962e-01, -1.997372340546414105e+00, -1.880544073300598917e+00, -1.796220384890217181e+00, -1.064465909273879074e+00, 4.359828526911908864e-02, -6.924886218870836274e-02, -2.593491808734029180e-01, 5.114655519841806303e-02, 2.285836419860322044e-01, 7.185690489055790442e-02, -2.958617943913835480e-01, -1.389858878241622686e-01, 7.776832926886284580e-01, 8.516209043292177761e-01, 6.487197632395023117e-01, -4.204283287853619912e-03, -1.298163566834804605e-01, -1.309739698135305719e-01, 4.549799656650506674e-01, 6.884529327066122306e-01, 6.755578385081907333e-01, 8.238112763819025464e-01, 7.874909054839306366e-01, 5.451171003369784662e-01, 1.738557084410010944e-01, -1.441959201822984316e-01, -1.207920417445688815e-01, -2.144588880225947736e-01, -3.561983162340489912e-03, 2.426229981557334880e-01, 5.492064767604485365e-01, 6.888926391195496768e-01, 7.858973981314194557e-01, 9.330653449317127812e-01, 1.086534122270385039e+00, 1.190086746773389326e+00, 1.097580858102839008e+00, 8.001714676888006528e-01, 1.802165353998272934e+00
5.397011374194466971e-01, -4.931790733412214078e-01, 1.227781998553805431e+00, 6.650614057053376715e-01, 5.323152273637309362e-01, 4.077582779918504513e-02, -2.716154110472582817e-01, -4.820441190639692675e-01, -4.493579274543583746e-01, 3.389369179357543116e-01, 1.305080091663857855e+00, 9.260664028167427952e-01, 1.229648508937256496e-01, -9.946111691817515199e-01, -2.045922164989264491e+00, -1.370035697763492655e+00, -2.302170211914044695e-01, -6.167317414756617357e-03, -1.437433307151797235e-01, 1.179463529993230730e-01, 1.852510877421908175e-01, -2.182393750762174831e-02, -3.148949462070590455e-01, -8.216478894007849254e-01, -1.180340952364034024e+00, -1.255082567083214196e+00, 5.177933317496802301e-01, 8.797048858437972463e-01, 1.164534950109704786e-01, -8.562176247937773599e-02, 1.173789978643866028e-01, -4.218470505225924844e-02, -8.447719368430162135e-01, -9.983545969758207406e-01, -7.700409579924418768e-01, -9.817479781917244352e-01, -1.306393445723865954e+00, -2.227865229179505580e+00, -2.257341450380538905e+00, -4.274145169527248100e-01, 3.815318838829207526e-01, 4.498464582322746486e-01, 5.654814420699315614e-01, 6.414697751534642611e-01, 5.152268277889582304e-01, 5.331363548971760347e-01, 8.063309685467449084e-01, 9.389579096106738243e-01, 1.108105564055632763e+00, 1.227936667743988908e+00, 1.289932665637057774e+00, 1.758143563505965457e+00
1.846164007568038334e+00, 8.408204533975021100e-01, 5.502896958027626573e-01, 7.334762524418508844e-01, 4.492810515304342944e-01, 2.913673023052037320e-02, -4.769283883169446736e-01, -6.719231583502496274e-01, -6.434838644916885952e-01, -4.256413863302042078e-01, 3.386448088887933916e-01, 8.554292841900034139e-01, 7.685355635637226568e-01, 1.407290914836355766e-01, -6.709044347254035090e-01, -4.439501632493725314e-01, -3.728658314319567846e-01, -4.478182123434404915e-01, -2.784786229215416853e-01, -4.681490997226854245e-01, -9.086620694310665325e-01, -1.195635215361262382e+00, -1.478556010228257112e+00, -1.661622216115111961e+00, -1.684465606292770090e+00, -1.560834284301356512e+00, 7.306045226003682336e-01, 9.345768734749988482e-01, 1.574925667364180659e-01, -1.978684514782449166e-01, -3.748360321383103488e-01, -1.699650883020804804e+00, -1.996949526674719477e+00, -1.555855286000918269e+00, -1.800274021759009635e+00, -1.902598624276593764e+00, -1.700338151126275843e+00, -2.113226346421866797e+00, -1.910532126644862938e+00, 8.383179855086216048e-02, 7.673097340918675346e-01, 6.182562426990384497e-01, 2.161283305178317293e-01, -1.141403170243035850e-03, -9.773489925464079464e-02, 2.328180817430967608e-01, 6.387873054411808971e-01, 9.292582703693823554e-01, 1.159469270099364513e+00, 1.593463629129246995e+00, 2.267749538535894338e+00, 2.309852174124959578e+00
2.307300660489604915e+00, 2.074224386934401920e+00, 1.413885986150747121e+00, 6.703544264737724134e-01, 4.974208437085986811e-01, -3.496920833326496586e-02, -7.181083749534048488e-01, -9.463817833268088897e-01, -1.181274998705037049e+00, -1.081765441399578309e+00, -6.706660955652238298e-01, -5.687366627953984732e-01, -8.434634968192631366e-01, -1.138936695203821348e+00, -1.720583472301304706e+00, -1.382715550528725412e+00, -9.619801966127885517e-01, -7.812666410972834985e-01, -7.738970444423790562e-01, -8.739998193437266139e-01, -1.175699164329516488e+00, -1.427419313118610589e+00, -1.662758859907381703e+00, -1.748569223804175676e+00, -1.605980508339754476e+00, -1.367644803837775092e+00, 9.919451493065205572e-01, 8.842353480926797848e-01, 4.758318602884336473e-02, -1.161542906913985762e+00, -1.812092325806790027e+00, -1.928566935903738067e+00, -1.810222315251455605e+00, -1.769794927525772277e+00, -1.621330668937533526e+00, -2.034129543838347320e+00, -2.390851760502297640e+00, -2.696621716841737015e+00, -1.710321526208795406e+00, 6.305493026691004754e-01, 7.711466374763467080e-01, 3.611092905960321953e-01, -3.532794599477619840e-02, -2.171066070287869521e-01, -8.724923654345029256e-02, 7.576024093888506991e-03, 1.430869381225856052e-01, 6.603181288431317908e-01, 9.807308427512734239e-01, 1.664917891172420727e+00, 2.465548241098085125e+00, 2.980332879251662792e+00
